{"last_tab":"8","header-style":"1","trendy-logo":{"url":"https:\/\/trendypro.uipro.net\/wp-content\/uploads\/2017\/03\/trendy-logo.png","id":"4","height":"120","width":"440","thumbnail":"https:\/\/trendypro.uipro.net\/wp-content\/uploads\/2017\/03\/trendy-logo-150x120.png"},"top-nav-show":"1","trendy-date-tme":"1","trendy-top-nav":"1","top-social-nav":"1","show-author":"1","author-thumbnail":{"url":"https:\/\/trendypro.uipro.net\/wp-content\/uploads\/2017\/03\/uipro.png","id":"5","height":"80","width":"80","thumbnail":"https:\/\/trendypro.uipro.net\/wp-content\/uploads\/2017\/03\/uipro.png"},"author-name":"Cole Martin","author-info":"Professional Front-End and WordPress Developer","profile-url":"https:\/\/themeforest.net\/user\/uipro\/portfolio?ref=uipro","show-featured":"1","featured-slug":"how-to-get-most-out-of-your-new-dslr","header-ad":"1","header-ad-image":{"url":"https:\/\/trendypro.uipro.net\/wp-content\/uploads\/2017\/03\/theme_forest_728x90.jpg","id":"6","height":"90","width":"728","thumbnail":"https:\/\/trendypro.uipro.net\/wp-content\/uploads\/2017\/03\/theme_forest_728x90-150x90.jpg"},"header-ad-url":"https:\/\/themeforest.net\/user\/uipro\/portfolio?ref=uipro","footer-social":"1","trendy-footer":"1","footer-logo":{"url":"https:\/\/trendypro.uipro.net\/wp-content\/uploads\/2017\/03\/ft-logo.png","id":"8","height":"80","width":"400","thumbnail":"https:\/\/trendypro.uipro.net\/wp-content\/uploads\/2017\/03\/ft-logo-150x80.png"},"footer-text":"Trendy is a premium, clean and easy to use personal blog wordpress theme designed for professional bloggers. With minimalistic design, smooth UX and lightning fast page load time, it is ideal for lifestyle and personal bloggers.","trendy-copyright":"2017 uipro.net. All Rights Reserved.","footer-ad":"1","footer-ad-image":{"url":"https:\/\/trendypro.uipro.net\/wp-content\/uploads\/2017\/03\/theme_forest_728x90.jpg","id":"6","height":"90","width":"728","thumbnail":"https:\/\/trendypro.uipro.net\/wp-content\/uploads\/2017\/03\/theme_forest_728x90-150x90.jpg"},"footer-ad-url":"https:\/\/themeforest.net\/user\/uipro\/portfolio?ref=uipro","homepage-layout":"sidebar_right","home-slider":"1","slider-post-option":"featured_posts","slider-post-count":"5","slider-style":"single_slide","sharing-options":"1","show-likes":"1","show-author-box":"1","facebook":"http:\/\/facebook.com\/uiprodotnet","twitter":"https:\/\/twitter.com\/uiprodotnet","linkedin":"https:\/\/www.linkedin.com\/groups\/7017876","pinterest":"https:\/\/www.pinterest.com\/uiprodotnet\/","google-plus":"https:\/\/plus.google.com\/+UiproNetPlus","youtube":"","tumblr":"","instagram":"https:\/\/themeforest.net\/user\/uipro\/portfolio?ref=uipro","reddit":"https:\/\/themeforest.net\/user\/uipro\/portfolio?ref=uipro","flickr":"","dribbble":"https:\/\/themeforest.net\/user\/uipro\/portfolio?ref=uipro","vimeo":"","soundcloud":"","vk":"","behance":"","github":"https:\/\/github.com\/uipro","trendy-accent-color":"#f83030","trendy-custom-fonts":"1","trendy-default-font":{"font-family":"","font-options":"","google":"1","subsets":""},"trendy-alt-font":{"font-family":"","font-options":"","google":"1","subsets":""},"trendy-heading-font":{"font-family":"","font-options":"","google":"1","subsets":""},"trendy-css-editor":"","redux-backup":"1"}