{"blog":{"trendy_featured_posts-4":{"featured_title":"Recent News","featured_posts_count":"4","filter_posts_by":"recently_published"},"trendy_featured_posts-3":{"featured_title":"Most Commented","featured_posts_count":"4","filter_posts_by":"comment_count"},"trendy_flickr_widget-2":{"flickr_title":"Flickr Feed","flickr_feed":"52617155@N08","flickr_feed_count":"12"},"calendar-2":{"title":"Calendar"},"categories-2":{"title":"Categories","count":1,"hierarchical":0,"dropdown":0},"tag_cloud-2":{"title":"Tag Cloud","taxonomy":"post_tag"},"meta-2":{"title":"Meta"}},"home":{"trendy_about_me-2":{"about_title":"About Me","about_img_url":"http:\/\/trendypro.uipro.net\/wp-content\/uploads\/2017\/03\/about-me.jpg","about_intro":"There are many variations of passages of Lorem Ipsum available majority have suffered alteration in some form, by injected humour words which don't look even slightly...\r\n\r\n","about_signature":"http:\/\/trendypro.uipro.net\/wp-content\/uploads\/2017\/03\/signature.png","about_profile":"http:\/\/localhost\/trendy-wp\/"},"trendy_follow_me-2":{"follow_title":"Follow Me"},"trendy_sidebar_ad-2":{"ad_img_url":"http:\/\/trendypro.uipro.net\/wp-content\/uploads\/2017\/03\/theme_forest_250x250.jpg","ad_link":"https:\/\/themeforest.net\/user\/uipro\/portfolio?ref=uipro"},"trendy_featured_posts-2":{"featured_title":"Most Popular","featured_posts_count":"5","filter_posts_by":"_post_like_count"},"trendy_mailchimp_widget-2":{"mailchimp_title":"Newsletter","mailchimp_sub_title":"Subscribe here to get latest news and updates right in your inbox.","mailchimp_form_url":"http:\/\/oscodo.us9.list-manage.com\/subscribe\/post?u=aef5e76b30521b771cf866464&amp;id=f9f9e8db45"}}}